1714721172912,1575,HTTP Request,200,OK,users 1-1,text,true,,177379,1285,4,4,https://accounts.google.com/v3/signin/identifier?continue=https%3A%2F%2Fmail.google.com%2Fmail%2Fu%2F0%2F&emr=1&followup=https%3A%2F%2Fmail.google.com%2Fmail%2Fu%2F0%2F&ifkv=AaSxoQxeYUWMIpPsMcq_Tx3oAl4Zck6gkDGME58n6Cbz_wnXCp89TzxSCsydi53hgQigfvaKYQ4O&osid=1&passive=1209600&service=mail&flowName=WebLiteSignIn&flowEntry=ServiceLogin&dsh=S-166883672%3A1714721173244024,56,0,30
1714721172912,56,HTTP Request-0,301,Moved Permanently,users 1-1,text,true,,607,107,4,4,http://gmail.com/,56,0,30
1714721172969,766,HTTP Request-1,302,Found,users 1-1,text,true,,758,122,4,4,https://mail.google.com/mail/u/0/,766,0,127
1714721173736,290,HTTP Request-2,302,Found,users 1-1,text,true,,1649,257,4,4,https://accounts.google.com/ServiceLogin?service=mail&passive=1209600&osid=1&continue=https://mail.google.com/mail/u/0/&followup=https://mail.google.com/mail/u/0/&emr=1,290,0,156
1714721174026,113,HTTP Request-3,302,Moved Temporarily,users 1-1,text,true,,2086,343,4,4,https://accounts.google.com/InteractiveLogin?continue=https://mail.google.com/mail/u/0/&emr=1&followup=https://mail.google.com/mail/u/0/&osid=1&passive=1209600&service=mail&ifkv=AaSxoQy7flwEwmUV-5L4B_6GXY5aPuIu9LJ9gmoL3XivhcKJyLGsb5jmdL9qLaTMdtpA7WsZLKgp,113,0,0
1714721174140,347,HTTP Request-4,200,OK,users 1-1,text,true,,172279,456,4,4,https://accounts.google.com/v3/signin/identifier?continue=https%3A%2F%2Fmail.google.com%2Fmail%2Fu%2F0%2F&emr=1&followup=https%3A%2F%2Fmail.google.com%2Fmail%2Fu%2F0%2F&ifkv=AaSxoQxeYUWMIpPsMcq_Tx3oAl4Zck6gkDGME58n6Cbz_wnXCp89TzxSCsydi53hgQigfvaKYQ4O&osid=1&passive=1209600&service=mail&flowName=WebLiteSignIn&flowEntry=ServiceLogin&dsh=S-166883672%3A1714721173244024,120,0,0
1714721173186,1406,HTTP Request,200,OK,users 1-2,text,true,,177831,1287,4,4,https://accounts.google.com/v3/signin/identifier?continue=https%3A%2F%2Fmail.google.com%2Fmail%2Fu%2F0%2F&emr=1&followup=https%3A%2F%2Fmail.google.com%2Fmail%2Fu%2F0%2F&ifkv=AaSxoQyrFjPL6avr7xkTYaMvFbmM1M7A4Sj8QYYujua5QFB35-whYlqV4gmeTs37tMJzR3TWf37I_w&osid=1&passive=1209600&service=mail&flowName=WebLiteSignIn&flowEntry=ServiceLogin&dsh=S1661919346%3A1714721173264894,37,0,19
1714721173186,37,HTTP Request-0,301,Moved Permanently,users 1-2,text,true,,607,107,4,4,http://gmail.com/,37,0,19
1714721173224,511,HTTP Request-1,302,Found,users 1-2,text,true,,758,122,4,4,https://mail.google.com/mail/u/0/,511,0,116
1714721173736,299,HTTP Request-2,302,Found,users 1-2,text,true,,1649,257,4,4,https://accounts.google.com/ServiceLogin?service=mail&passive=1209600&osid=1&continue=https://mail.google.com/mail/u/0/&followup=https://mail.google.com/mail/u/0/&emr=1,299,0,168
1714721174035,156,HTTP Request-3,302,Moved Temporarily,users 1-2,text,true,,2090,343,4,4,https://accounts.google.com/InteractiveLogin?continue=https://mail.google.com/mail/u/0/&emr=1&followup=https://mail.google.com/mail/u/0/&osid=1&passive=1209600&service=mail&ifkv=AaSxoQw7CCaopNubFyDCRIpbWeddoUbL38WewyUfzEtcjBk2X6erKcDBSgw4TALUk05t9hflKv4Q,156,0,0
1714721174192,400,HTTP Request-4,200,OK,users 1-2,text,true,,172727,458,4,4,https://accounts.google.com/v3/signin/identifier?continue=https%3A%2F%2Fmail.google.com%2Fmail%2Fu%2F0%2F&emr=1&followup=https%3A%2F%2Fmail.google.com%2Fmail%2Fu%2F0%2F&ifkv=AaSxoQyrFjPL6avr7xkTYaMvFbmM1M7A4Sj8QYYujua5QFB35-whYlqV4gmeTs37tMJzR3TWf37I_w&osid=1&passive=1209600&service=mail&flowName=WebLiteSignIn&flowEntry=ServiceLogin&dsh=S1661919346%3A1714721173264894,136,0,0
1714721173451,1378,HTTP Request,200,OK,users 1-3,text,true,,177360,1290,4,4,https://accounts.google.com/v3/signin/identifier?continue=https%3A%2F%2Fmail.google.com%2Fmail%2Fu%2F0%2F&emr=1&followup=https%3A%2F%2Fmail.google.com%2Fmail%2Fu%2F0%2F&ifkv=AaSxoQwT3q4zwDZjHOjEzwheDevF0XhCfWVvPaXF2y0GF4ifVx8QSWNNud3v5HxLfuxm8PMVimoUQQ&osid=1&passive=1209600&service=mail&flowName=WebLiteSignIn&flowEntry=ServiceLogin&dsh=S-1341791738%3A1714721173533967,38,0,20
1714721173451,38,HTTP Request-0,301,Moved Permanently,users 1-3,text,true,,607,107,4,4,http://gmail.com/,38,0,20
1714721173490,524,HTTP Request-1,302,Found,users 1-3,text,true,,758,122,4,4,https://mail.google.com/mail/u/0/,524,0,124
1714721174016,296,HTTP Request-2,302,Found,users 1-3,text,true,,1651,257,4,4,https://accounts.google.com/ServiceLogin?service=mail&passive=1209600&osid=1&continue=https://mail.google.com/mail/u/0/&followup=https://mail.google.com/mail/u/0/&emr=1,296,0,197
1714721174312,128,HTTP Request-3,302,Moved Temporarily,users 1-3,text,true,,2092,345,4,4,https://accounts.google.com/InteractiveLogin?continue=https://mail.google.com/mail/u/0/&emr=1&followup=https://mail.google.com/mail/u/0/&osid=1&passive=1209600&service=mail&ifkv=AaSxoQyvDyg-NXz3oN8NE7i_lb9XRf0FbpPiN_iDRyg4iKGNvwpjKGm1y7ON8bCBshUDujqhlI3NUw,128,0,0
1714721174440,389,HTTP Request-4,200,OK,users 1-3,text,true,,172252,459,4,4,https://accounts.google.com/v3/signin/identifier?continue=https%3A%2F%2Fmail.google.com%2Fmail%2Fu%2F0%2F&emr=1&followup=https%3A%2F%2Fmail.google.com%2Fmail%2Fu%2F0%2F&ifkv=AaSxoQwT3q4zwDZjHOjEzwheDevF0XhCfWVvPaXF2y0GF4ifVx8QSWNNud3v5HxLfuxm8PMVimoUQQ&osid=1&passive=1209600&service=mail&flowName=WebLiteSignIn&flowEntry=ServiceLogin&dsh=S-1341791738%3A1714721173533967,116,0,0
1714721173661,1510,HTTP Request,200,OK,users 1-4,text,true,,177480,1289,4,4,https://accounts.google.com/v3/signin/identifier?continue=https%3A%2F%2Fmail.google.com%2Fmail%2Fu%2F0%2F&emr=1&followup=https%3A%2F%2Fmail.google.com%2Fmail%2Fu%2F0%2F&ifkv=AaSxoQxKxLg2hG8hkIRInwBE-SDSCbKRyDbred5be8TfQLvdgC0Lqk3EmHNdr9xC1a1wMUrmQ0TsQw&osid=1&passive=1209600&service=mail&flowName=WebLiteSignIn&flowEntry=ServiceLogin&dsh=S-285045062%3A1714721173862429,35,0,18
1714721173661,35,HTTP Request-0,301,Moved Permanently,users 1-4,text,true,,607,107,4,4,http://gmail.com/,35,0,18
1714721173697,672,HTTP Request-1,302,Found,users 1-4,text,true,,758,122,4,4,https://mail.google.com/mail/u/0/,672,0,100
1714721174370,270,HTTP Request-2,302,Found,users 1-4,text,true,,1651,257,4,4,https://accounts.google.com/ServiceLogin?service=mail&passive=1209600&osid=1&continue=https://mail.google.com/mail/u/0/&followup=https://mail.google.com/mail/u/0/&emr=1,270,0,172
1714721174641,121,HTTP Request-3,302,Moved Temporarily,users 1-4,text,true,,2090,345,4,4,https://accounts.google.com/InteractiveLogin?continue=https://mail.google.com/mail/u/0/&emr=1&followup=https://mail.google.com/mail/u/0/&osid=1&passive=1209600&service=mail&ifkv=AaSxoQxxcv1YwiMz8p9v0hSZC8cDa5avsUT1iwm99xRRo8TaMv5ulSHqbwCFZDRRSak2523jWq6O5g,121,0,0
1714721174762,409,HTTP Request-4,200,OK,users 1-4,text,true,,172374,458,4,4,https://accounts.google.com/v3/signin/identifier?continue=https%3A%2F%2Fmail.google.com%2Fmail%2Fu%2F0%2F&emr=1&followup=https%3A%2F%2Fmail.google.com%2Fmail%2Fu%2F0%2F&ifkv=AaSxoQxKxLg2hG8hkIRInwBE-SDSCbKRyDbred5be8TfQLvdgC0Lqk3EmHNdr9xC1a1wMUrmQ0TsQw&osid=1&passive=1209600&service=mail&flowName=WebLiteSignIn&flowEntry=ServiceLogin&dsh=S-285045062%3A1714721173862429,158,0,0
1714721174596,986,HTTP Request,200,OK,users 1-2,text,true,,177677,1290,4,4,https://accounts.google.com/v3/signin/identifier?continue=https%3A%2F%2Fmail.google.com%2Fmail%2Fu%2F0%2F&emr=1&followup=https%3A%2F%2Fmail.google.com%2Fmail%2Fu%2F0%2F&ifkv=AaSxoQx51NMAoLb7G5VgZSKm6czJSIMJG-ZAZjWaMb0tJcGUnA389vv6YuJ2hy-9ynHWaODEz2UGmw&osid=1&passive=1209600&service=mail&flowName=WebLiteSignIn&flowEntry=ServiceLogin&dsh=S-1962056093%3A1714721174445229,17,0,0
1714721174596,17,HTTP Request-0,301,Moved Permanently,users 1-2,text,true,,607,107,4,4,http://gmail.com/,17,0,0
1714721174613,521,HTTP Request-1,302,Found,users 1-2,text,true,,758,122,4,4,https://mail.google.com/mail/u/0/,521,0,0
1714721175134,94,HTTP Request-2,302,Found,users 1-2,text,true,,1651,257,4,4,https://accounts.google.com/ServiceLogin?service=mail&passive=1209600&osid=1&continue=https://mail.google.com/mail/u/0/&followup=https://mail.google.com/mail/u/0/&emr=1,94,0,0
1714721175228,119,HTTP Request-3,302,Moved Temporarily,users 1-2,text,true,,2092,345,4,4,https://accounts.google.com/InteractiveLogin?continue=https://mail.google.com/mail/u/0/&emr=1&followup=https://mail.google.com/mail/u/0/&osid=1&passive=1209600&service=mail&ifkv=AaSxoQwTidq5fLMpj7sQ7rvUQIR64N4PlDoRJnLYRNfXiUXfLMoPsTx6P1IsGiGbcDEDtcXv2AE4SQ,119,0,0
1714721175346,235,HTTP Request-4,200,OK,users 1-2,text,true,,172569,459,4,4,https://accounts.google.com/v3/signin/identifier?continue=https%3A%2F%2Fmail.google.com%2Fmail%2Fu%2F0%2F&emr=1&followup=https%3A%2F%2Fmail.google.com%2Fmail%2Fu%2F0%2F&ifkv=AaSxoQx51NMAoLb7G5VgZSKm6czJSIMJG-ZAZjWaMb0tJcGUnA389vv6YuJ2hy-9ynHWaODEz2UGmw&osid=1&passive=1209600&service=mail&flowName=WebLiteSignIn&flowEntry=ServiceLogin&dsh=S-1962056093%3A1714721174445229,131,0,0
1714721174488,1109,HTTP Request,200,OK,users 1-1,text,true,,177513,1290,3,3,https://accounts.google.com/v3/signin/identifier?continue=https%3A%2F%2Fmail.google.com%2Fmail%2Fu%2F0%2F&emr=1&followup=https%3A%2F%2Fmail.google.com%2Fmail%2Fu%2F0%2F&ifkv=AaSxoQyvIWRq3OLDqPB8l2LwwxMI1hRuS58Gbb2wguiryYlu7Hyg6DzKshq2FGWRw8S1ETHtjIdtJw&osid=1&passive=1209600&service=mail&flowName=WebLiteSignIn&flowEntry=ServiceLogin&dsh=S-1542755536%3A1714721174452359,23,0,0
1714721174488,23,HTTP Request-0,301,Moved Permanently,users 1-1,text,true,,607,107,3,3,http://gmail.com/,23,0,0
1714721174511,627,HTTP Request-1,302,Found,users 1-1,text,true,,758,122,3,3,https://mail.google.com/mail/u/0/,627,0,0
1714721175139,98,HTTP Request-2,302,Found,users 1-1,text,true,,1651,257,3,3,https://accounts.google.com/ServiceLogin?service=mail&passive=1209600&osid=1&continue=https://mail.google.com/mail/u/0/&followup=https://mail.google.com/mail/u/0/&emr=1,98,0,0
1714721175237,113,HTTP Request-3,302,Moved Temporarily,users 1-1,text,true,,2092,345,3,3,https://accounts.google.com/InteractiveLogin?continue=https://mail.google.com/mail/u/0/&emr=1&followup=https://mail.google.com/mail/u/0/&osid=1&passive=1209600&service=mail&ifkv=AaSxoQxuJ1avwY1s6lHmkqN0i0Ph0jlI19RLjB2MLxsIqdWoCYxiq3p09AW2Ns67qYnGqQ0k9SOA6A,113,0,0
1714721175349,247,HTTP Request-4,200,OK,users 1-1,text,true,,172405,459,3,3,https://accounts.google.com/v3/signin/identifier?continue=https%3A%2F%2Fmail.google.com%2Fmail%2Fu%2F0%2F&emr=1&followup=https%3A%2F%2Fmail.google.com%2Fmail%2Fu%2F0%2F&ifkv=AaSxoQyvIWRq3OLDqPB8l2LwwxMI1hRuS58Gbb2wguiryYlu7Hyg6DzKshq2FGWRw8S1ETHtjIdtJw&osid=1&passive=1209600&service=mail&flowName=WebLiteSignIn&flowEntry=ServiceLogin&dsh=S-1542755536%3A1714721174452359,128,0,0
1714721175173,853,HTTP Request,200,OK,users 1-4,text,true,,177314,1289,2,2,https://accounts.google.com/v3/signin/identifier?continue=https%3A%2F%2Fmail.google.com%2Fmail%2Fu%2F0%2F&emr=1&followup=https%3A%2F%2Fmail.google.com%2Fmail%2Fu%2F0%2F&ifkv=AaSxoQwRdo2oXecw49ctfPV3ZyPqNg5SCokr1QCW8OOEsWZZz0KbJrextKViSuVAg4djNW8ZNZEICw&osid=1&passive=1209600&service=mail&flowName=WebLiteSignIn&flowEntry=ServiceLogin&dsh=S-620630495%3A1714721174853137,18,0,0
1714721175173,18,HTTP Request-0,301,Moved Permanently,users 1-4,text,true,,607,107,2,2,http://gmail.com/,18,0,0
1714721175191,345,HTTP Request-1,302,Found,users 1-4,text,true,,758,122,2,2,https://mail.google.com/mail/u/0/,345,0,0
1714721175535,97,HTTP Request-2,302,Found,users 1-4,text,true,,1651,257,2,2,https://accounts.google.com/ServiceLogin?service=mail&passive=1209600&osid=1&continue=https://mail.google.com/mail/u/0/&followup=https://mail.google.com/mail/u/0/&emr=1,97,0,0
1714721175632,119,HTTP Request-3,302,Moved Temporarily,users 1-4,text,true,,2090,345,2,2,https://accounts.google.com/InteractiveLogin?continue=https://mail.google.com/mail/u/0/&emr=1&followup=https://mail.google.com/mail/u/0/&osid=1&passive=1209600&service=mail&ifkv=AaSxoQxTKxRvKQzlFpbg5z84LdUzkikopyTGyD9wZvkcMe1sAj2kchlLq8YuZYcfKgcVEpPa2TyLbg,119,0,0
1714721175751,274,HTTP Request-4,200,OK,users 1-4,text,true,,172208,458,2,2,https://accounts.google.com/v3/signin/identifier?continue=https%3A%2F%2Fmail.google.com%2Fmail%2Fu%2F0%2F&emr=1&followup=https%3A%2F%2Fmail.google.com%2Fmail%2Fu%2F0%2F&ifkv=AaSxoQwRdo2oXecw49ctfPV3ZyPqNg5SCokr1QCW8OOEsWZZz0KbJrextKViSuVAg4djNW8ZNZEICw&osid=1&passive=1209600&service=mail&flowName=WebLiteSignIn&flowEntry=ServiceLogin&dsh=S-620630495%3A1714721174853137,148,0,0
1714721174830,1553,HTTP Request,200,OK,users 1-3,text,true,,177792,1284,1,1,https://accounts.google.com/v3/signin/identifier?continue=https%3A%2F%2Fmail.google.com%2Fmail%2Fu%2F0%2F&emr=1&followup=https%3A%2F%2Fmail.google.com%2Fmail%2Fu%2F0%2F&ifkv=AaSxoQx-T1erPCZzhrKnzMqvwyaz3e4YRVFb9iEWxzjAsn1XXUguwSOLbfseGtoDm24oDRBcKf_s&osid=1&passive=1209600&service=mail&flowName=WebLiteSignIn&flowEntry=ServiceLogin&dsh=S336157550%3A1714721175201645,34,0,0
1714721174830,34,HTTP Request-0,301,Moved Permanently,users 1-3,text,true,,607,107,1,1,http://gmail.com/,34,0,0
1714721174864,1010,HTTP Request-1,302,Found,users 1-3,text,true,,758,122,1,1,https://mail.google.com/mail/u/0/,1010,0,0
1714721175873,103,HTTP Request-2,302,Found,users 1-3,text,true,,1649,257,1,1,https://accounts.google.com/ServiceLogin?service=mail&passive=1209600&osid=1&continue=https://mail.google.com/mail/u/0/&followup=https://mail.google.com/mail/u/0/&emr=1,103,0,0
1714721175976,133,HTTP Request-3,302,Moved Temporarily,users 1-3,text,true,,2084,343,1,1,https://accounts.google.com/InteractiveLogin?continue=https://mail.google.com/mail/u/0/&emr=1&followup=https://mail.google.com/mail/u/0/&osid=1&passive=1209600&service=mail&ifkv=AaSxoQwNkj94ezfX0oyqu4WhN_iGBmsjU4-MPp_51K3WVUxaaHonfTmsRPBC1jGuCDtqD4LcYzuH,133,0,0
1714721176109,273,HTTP Request-4,200,OK,users 1-3,text,true,,172694,455,1,1,https://accounts.google.com/v3/signin/identifier?continue=https%3A%2F%2Fmail.google.com%2Fmail%2Fu%2F0%2F&emr=1&followup=https%3A%2F%2Fmail.google.com%2Fmail%2Fu%2F0%2F&ifkv=AaSxoQx-T1erPCZzhrKnzMqvwyaz3e4YRVFb9iEWxzjAsn1XXUguwSOLbfseGtoDm24oDRBcKf_s&osid=1&passive=1209600&service=mail&flowName=WebLiteSignIn&flowEntry=ServiceLogin&dsh=S336157550%3A1714721175201645,144,0,0
